time_hours,P_fail_ITER_like,P_fail_STEP_like
0.0,0.0,0.0
0.5,1.7366589215841953e-05,3.2400882126889196e-05
1.0,4.290439159285067e-05,9.855558980874398e-05
1.5,7.077488632962109e-05,0.0001773717178469308
2.0,9.9311757693556e-05,0.00026093961809293926
2.5,0.00012803943820491198,0.00034629317230957905
3.0,0.00015682220004742045,0.00043232008346302575
3.5,0.00018562130544930652,0.0005186032362458036
4.0,0.0002144256972013467,0.0006049862079578378
4.5,0.00024323221750405285,0.0006914103353989262
5.0,0.00027203996210787304,0.0007778536150856011
5.5,0.00030084866851272596,0.0008643077908862134
6.0,0.00032965825525387325,0.0009507697619054494
6.5,0.0003584686893554166,0.0010372383604494067
7.0,0.00038727994691401603,0.0011237131437657959
7.5,0.0004160919994688779,0.0012101939409478405
8.0,0.00044490480654182045,0.0012966806830238078
8.5,0.0004737183081547986,0.0013831733392408638
9.0,0.00050253241466654,0.0014696718931716867
9.5,0.0005313469918335201,0.0015561763337545774
10.0,0.000560161838493878,0.001642686651933607
10.5,0.0005889766531273659,0.0017292028393987788
11.0,0.0006177909837165489,0.00181572488811369
11.5,0.0006466041525620038,0.0019022527901385012
12.0,0.0006754151435378041,0.001988786537563649
12.5,0.0007042224330230778,0.002075326122485084
13.0,0.0007330237363716414,0.0021618715369950774
13.5,0.0007618156277248181,0.002248422773178873
14.0,0.000790592969893169,0.002334979823113521
14.5,0.0008193480594227788,0.0024215426788675326
15.0,0.0008480693445601213,0.0025081113325008436
15.5,0.0008767395027473668,0.00259468577606489
16.0,0.0009053325576871274,0.0026812660016027265
16.5,0.0009338095561719032,0.002767852001149156
17.0,0.0009621120851762304,0.0028544437667308714
17.5,0.0009901525502660786,0.0029410412903665903
18.0,0.001017799597368531,0.0030276445640671935
18.5,0.0010448562516579124,0.003114253579835861
19.0,0.001071027135229727,0.003200868329668208
19.5,0.001095869307624693,0.003287488805552417
20.0,0.0011187185476285043,0.003374114999469371
20.5,0.0011385788074830456,0.0034607469033927844
21.0,0.0011539564414571235,0.0035473845092893314
21.5,0.0011626116195632078,0.0036340278091187782
22.0,0.0011611855543932387,0.003720676794834103
22.5,0.0011446415007179528,0.003807331458381628
23.0,0.001105426493836177,0.00389399179170114
23.5,0.0010322143154220993,0.0039806577867260145
24.0,0.0009080204796279871,0.004067329435383338
24.5,0.0007073755180063092,0.004154006729594025
25.0,0.00039208611520053855,0.004240689661272946
25.5,0.0,0.004327378222329033
26.0,0.0,0.004414072404665404
26.5,0.0,0.00450077220017948
27.0,0.0,0.004587477600763092
27.5,0.0,0.0046741885983026
28.0,0.0,0.004760905184679005
28.5,0.0,0.004847627351768057
29.0,0.0,0.004934355091440362
29.5,0.0,0.005021088395561498
30.0,0.0,0.005107827255992117
30.5,0.0,0.0051945716645880515
31.0,0.0,0.005281321613200421
31.5,0.0,0.005368077093675736
32.0,0.0,0.005454838097856
32.5,0.0,0.005541604617578811
33.0,0.0,0.005628376644677464
33.5,0.0,0.005715154170981046
34.0,0.0,0.005801937188314544
34.5,0.0,0.00588872568849893
35.0,0.0,0.005975519663351269
35.5,0.0,0.0060623191046848095
36.0,0.0,0.006149124004309077
36.5,0.0,0.006235934354029968
37.0,0.0,0.00632275014564985
37.5,0.0,0.006409571370967638
38.0,0.0,0.0064963980217788994
38.5,0.0,0.0065832300898759355
39.0,0.0,0.006670067567047874
39.5,0.0,0.006756910445080759
40.0,0.0,0.006843758715757629
40.5,0.0,0.006930612370858615
41.0,0.0,0.007017471402161012
41.5,0.0,0.0071043358014393765
42.0,0.0,0.0071912055604656
42.5,0.0,0.007278080671008996
43.0,0.0,0.007364961124836384
43.5,0.0,0.007451846913712165
44.0,0.0,0.0075387380293983975
44.5,0.0,0.007625634463654894
45.0,0.0,0.007712536208239276
45.5,0.0,0.007799443254907069
46.0,0.0,0.007886355595411777
46.5,0.0,0.007973273221504939
47.0,0.0,0.008060196124936239
47.5,0.0,0.008147124297453543
48.0,0.0,0.008234057730803003
48.5,0.0,0.008320996416729102
49.0,0.0,0.008407940346974755
49.5,0.0,0.008494889513281353
50.0,0.0,0.008581843907388852
50.5,0.0,0.008668803521035834
51.0,0.0,0.008755768345959576
51.5,0.0,0.008842738373896122
52.0,0.0,0.008929713596580346
52.5,0.0,0.009016694005746024
53.0,0.0,0.00910367959312589
53.5,0.0,0.00919067035045172
54.0,0.0,0.009277666269454369
54.5,0.0,0.00936466734186386
55.0,0.0,0.009451673559409436
55.5,0.0,0.009538684913819621
56.0,0.0,0.009625701396822292
56.5,0.0,0.009712723000144726
57.0,0.0,0.009799749715513666
57.5,0.0,0.009886781534655387
58.0,0.0,0.009973818449295752
58.5,0.0,0.010060860451160263
59.0,0.0,0.010147907531974129
59.5,0.0,0.01023495968346232
60.0,0.0,0.01032201689734962
60.5,0.0,0.01040907916536069
61.0,0.0,0.010496146479220118
61.5,0.0,0.010583218830652476
62.0,0.0,0.010670296211382373
62.5,0.0,0.010757378613134515
63.0,0.0,0.010844466027633745
63.5,0.0,0.01093155844660511
64.0,0.0,0.011018655861773903
64.5,0.0,0.011105758264865722
65.0,0.0,0.011192865647606513
65.5,0.0,0.01127997800172263
66.0,0.0,0.011367095318940874
66.5,0.0,0.011454217590988552
67.0,0.0,0.011541344809593516
67.5,0.0,0.011628476966484221
68.0,0.0,0.011715614053389767
68.5,0.0,0.01180275606203995
69.0,0.0,0.011889902984165306
69.5,0.0,0.011977054811497153
70.0,0.0,0.012064211535767646
70.5,0.0,0.012151373148709817
71.0,0.0,0.012238539642057617
71.5,0.0,0.012325711007545965
72.0,0.0,0.012412887236910794
72.5,0.0,0.012500068321889084
73.0,0.0,0.012587254254218916
73.5,0.0,0.012674445025639509
74.0,0.0,0.012761640627891258
74.5,0.0,0.01284884105271578
75.0,0.0,0.012936046291855964
75.5,0.0,0.013023256337055996
76.0,0.0,0.013110471180061402
76.5,0.0,0.013197690812619093
77.0,0.0,0.01328491522647741
77.5,0.0,0.01337214441338614
78.0,0.0,0.013459378365096579
78.5,0.0,0.013546617073361564
79.0,0.0,0.013633860529935501
79.5,0.0,0.013721108726574404
80.0,0.0,0.013808361655035939
80.5,0.0,0.013895619307079462
81.0,0.0,0.013982881674466045
81.5,0.0,0.014070148748958514
82.0,0.0,0.01415742052232149
82.5,0.0,0.014244696986321418
83.0,0.0,0.014331978132726603
83.5,0.0,0.014419263953307246
84.0,0.0,0.014506554439835473
84.5,0.0,0.014593849584085376
85.0,0.0,0.014681149377833038
85.5,0.0,0.014768453812856564
86.0,0.0,0.014855762880936122
86.5,0.0,0.014943076573853971
87.0,0.0,0.01503039488339449
87.5,0.0,0.015117717801344209
88.0,0.0,0.015205045319491841
88.5,0.0,0.015292377429628315
89.0,0.0,0.015379714123546809
89.5,0.0,0.015467055393042758
90.0,0.0,0.015554401229913922
90.5,0.0,0.015641751625960366
91.0,0.0,0.015729106572984545
91.5,0.0,0.015816466062791277
92.0,0.0,0.01590383008718781
92.5,0.0,0.015991198637983834
93.0,0.0,0.01607857170699151
93.5,0.0,0.016165949286025504
94.0,0.0,0.016253331366902997
94.5,0.0,0.01634071794144373
95.0,0.0,0.01642810900147002
95.5,0.0,0.016515504538806788
96.0,0.0,0.01660290454528159
96.5,0.0,0.016690309012724627
97.0,0.0,0.01677771793296879
97.5,0.0,0.01686513129784968
98.0,0.0,0.01695254909920561
98.5,0.0,0.01703997132887766
99.0,0.0,0.017127397978709682
99.5,0.0,0.017214829040548336
100.0,0.0,0.017302264506243097
100.5,0.0,0.017389704367646305
101.0,0.0,0.017477148616613144
101.5,0.0,0.017564597245001715
102.0,0.0,0.017652050244673024
102.5,0.0,0.017739507607491014
103.0,0.0,0.01782696932532259
103.5,0.0,0.017914435390037647
104.0,0.0,0.01800190579350906
104.5,0.0,0.01808938052761275
105.0,0.0,0.018176859584227666
105.5,0.0,0.01826434295523583
106.0,0.0,0.01835183063252235
106.5,0.0,0.01843932260797543
107.0,0.0,0.018526818873486412
107.5,0.0,0.018614319420949772
108.0,0.0,0.018701824242263153
108.5,0.0,0.018789333329327383
109.0,0.0,0.018876846674046488
109.5,0.0,0.01896436426832772
110.0,0.0,0.01905188610408157
110.5,0.0,0.01913941217322178
111.0,0.0,0.01922694246766537
111.5,0.0,0.019314476979332657
112.0,0.0,0.019402015700147268
112.5,0.0,0.019489558622036166
113.0,0.0,0.01957710573692964
113.5,0.0,0.019664657036761356
114.0,0.0,0.01975221251346836
114.5,0.0,0.01983977215899108
115.0,0.0,0.019927335965273383
115.5,0.0,0.02001490392426254
116.0,0.0,0.020102476027909273
116.5,0.0,0.020190052268167773
117.0,0.0,0.0202776326369957
117.5,0.0,0.020365217126354206
118.0,0.0,0.020452805728207957
118.5,0.0,0.020540398434525122
119.0,0.0,0.020627995237277437
119.5,0.0,0.02071559612844016
120.0,0.0,0.020803201099992133
120.5,0.0,0.02089081014391577
121.0,0.0,0.020978423252197086
121.5,0.0,0.021066040416825697
122.0,0.0,0.02115366162979485
122.5,0.0,0.02124128688310142
123.0,0.0,0.02132891616874594
123.5,0.0,0.0214165494787326
124.0,0.0,0.021504186805069266
124.5,0.0,0.021591828139767497
125.0,0.0,0.02167947347484255
125.5,0.0,0.021767122802313396
126.0,0.0,0.021854776114202737
126.5,0.0,0.021942433402537015
127.0,0.0,0.022030094659346418
127.5,0.0,0.022117759876664898
128.0,0.0,0.022205429046530195
128.5,0.0,0.022293102160983815
129.0,0.0,0.02238077921207108
129.5,0.0,0.02246846019184111
130.0,0.0,0.02255614509234687
130.5,0.0,0.02264383390564513
131.0,0.0,0.022731526623796513
131.5,0.0,0.022819223238865496
132.0,0.0,0.022906923742920436
132.5,0.0,0.02299462812803354
133.0,0.0,0.023082336386280926
133.5,0.0,0.023170048509742594
134.0,0.0,0.023257764490502455
134.5,0.0,0.023345484320648334
135.0,0.0,0.023433207992271988
135.5,0.0,0.023520935497469107
136.0,0.0,0.023608666828339335
136.5,0.0,0.023696401976986258
137.0,0.0,0.02378414093551743
137.5,0.0,0.023871883696044403
138.0,0.0,0.023959630250682675
138.5,0.0,0.024047380591551766
139.0,0.0,0.02413513471077518
139.5,0.0,0.024222892600480446
140.0,0.0,0.0243106542527991
140.5,0.0,0.024398419659866707
141.0,0.0,0.024486188813822876
141.5,0.0,0.024573961706811257
142.0,0.0,0.024661738330979545
142.5,0.0,0.024749518678479496
143.0,0.0,0.024837302741466963
143.5,0.0,0.024925090512101834
144.0,0.0,0.025012881982548106
144.5,0.0,0.02510067714497386
145.0,0.0,0.025188475991551284
145.5,0.0,0.025276278514456657
146.0,0.0,0.02536408470587039
146.5,0.0,0.025451894557977004
147.0,0.0,0.02553970806296516
147.5,0.0,0.02562752521302764
148.0,0.0,0.025715346000361374
148.5,0.0,0.02580317041716745
149.0,0.0,0.025890998455651102
149.5,0.0,0.025978830108021732
150.0,0.0,0.026066665366492905
150.5,0.0,0.026154504223282367
151.0,0.0,0.026242346670612048
151.5,0.0,0.02633019270070806
152.0,0.0,0.026418042305800717
152.5,0.0,0.026505895478124524
153.0,0.0,0.0265937522099182
153.5,0.0,0.026681612493424663
154.0,0.0,0.026769476320891085
154.5,0.0,0.026857343684568814
155.0,0.0,0.02694521457671346
155.5,0.0,0.027033088989584855
156.0,0.0,0.027120966915447076
156.5,0.0,0.027208848346568445
157.0,0.0,0.027296733275221533
157.5,0.0,0.02738462169368317
158.0,0.0,0.027472513594234447
158.5,0.0,0.02756040896916072
159.0,0.0,0.027648307810751616
159.5,0.0,0.02773621011130103
160.0,0.0,0.027824115863107172
160.5,0.0,0.027912025058472494
161.0,0.0,0.027999937689703762
161.5,0.0,0.028087853749112036
162.0,0.0,0.028175773229012664
162.5,0.0,0.0282636961217253
163.0,0.0,0.028351622419573938
163.5,0.0,0.02843955211488683
164.0,0.0,0.02852748519999659
164.5,0.0,0.028615421667240133
165.0,0.0,0.028703361508958705
165.5,0.0,0.02879130471749786
166.0,0.0,0.028879251285207526
166.5,0.0,0.02896720120444193
167.0,0.0,0.02905515446755965
167.5,0.0,0.029143111066923626
168.0,0.0,0.02923107099490112
168.5,0.0,0.02931903424386376
169.0,0.0,0.029407000806187526
169.5,0.0,0.029494970674252743
170.0,0.0,0.02958294384044413
170.5,0.0,0.02967092029715074
171.0,0.0,0.02975890003676601
171.5,0.0,0.029846883051687742
172.0,0.0,0.02993486933431811
172.5,0.0,0.030022858877063678
173.0,0.0,0.030110851672335376
173.5,0.0,0.030198847712548525
174.0,0.0,0.03028684699012283
174.5,0.0,0.030374849497482394
175.0,0.0,0.0304628552270557
175.5,0.0,0.030550864171275626
176.0,0.0,0.030638876322579466
176.5,0.0,0.030726891673408894
177.0,0.0,0.03081491021620999
177.5,0.0,0.030902931943433243
178.0,0.0,0.030990956847533554
178.5,0.0,0.031078984920970228
179.0,0.0,0.03116701615620698
179.5,0.0,0.03125505054571195
180.0,0.0,0.03134308808195768
180.5,0.0,0.03143112875742115
181.0,0.0,0.03151917256458374
181.5,0.0,0.03160721949593127
182.0,0.0,0.031695269543953984
182.5,0.0,0.03178332270114654
183.0,0.0,0.03187137896000804
183.5,0.0,0.031959438313042
184.0,0.0,0.0320475007527564
184.5,0.0,0.03213556627166362
185.0,0.0,0.0322236348622805
185.5,0.0,0.0323117065171283
186.0,0.0,0.032399781228732744
186.5,0.0,0.03248785898962397
187.0,0.0,0.03257593979233659
187.5,0.0,0.032664023629409636
188.0,0.0,0.03275211049338659
188.5,0.0,0.032840200376815384
189.0,0.0,0.03292829327224841
189.5,0.0,0.03301638917224249
190.0,0.0,0.03310448806935892
190.5,0.0,0.033192589956163435
191.0,0.0,0.03328069482522622
191.5,0.0,0.03336880266912193
192.0,0.0,0.03345691348042967
192.5,0.0,0.033545027251733
193.0,0.0,0.03363314397561994
193.5,0.0,0.03372126364468297
194.0,0.0,0.03380938625151902
194.5,0.0,0.033897511788729504
195.0,0.0,0.033985640248920285
195.5,0.0,0.03407377162470169
196.0,0.0,0.034161905908688506
196.5,0.0,0.034250043093500014
197.0,0.0,0.03433818317175992
197.5,0.0,0.03442632613609642
198.0,0.0,0.03451447197914216
198.5,0.0,0.03460262069353429
199.0,0.0,0.034690772271914395
199.5,0.0,0.03477892670692853
200.0,0.0,0.03486708399122723
200.5,0.0,0.03495524411746552
201.0,0.0,0.035043407078302856
201.5,0.0,0.035131572866403185
202.0,0.0,0.03521974147443494
202.5,0.0,0.035307912895071
203.0,0.0,0.03539608712098873
203.5,0.0,0.03548426414486997
204.0,0.0,0.03557244395940103
204.5,0.0,0.035660626557272694
205.0,0.0,0.035748811931180215
205.5,0.0,0.03583700007382332
206.0,0.0,0.035925190977906224
206.5,0.0,0.0360133846361376
207.0,0.0,0.03610158104123061
207.5,0.0,0.03618978018590287
208.0,0.0,0.03627798206287648
208.5,0.0,0.036366186664878036
209.0,0.0,0.03645439398463858
209.5,0.0,0.036542604014893634
210.0,0.0,0.036630816748383206
210.5,0.0,0.03671903217785177
211.0,0.0,0.03680725029604827
211.5,0.0,0.03689547109572614
212.0,0.0,0.036983694569643275
212.5,0.0,0.03707192071056204
213.0,0.0,0.0371601495112493
213.5,0.0,0.037248380964476364
214.0,0.0,0.03733661506301903
214.5,0.0,0.03742485179965755
215.0,0.0,0.03751309116717669
215.5,0.0,0.037601333158365634
216.0,0.0,0.03768957776601808
216.5,0.0,0.03777782498293217
217.0,0.0,0.03786607480191055
217.5,0.0,0.03795432721576032
218.0,0.0,0.03804258221729303
218.5,0.0,0.038130839799324724
219.0,0.0,0.03821909995467591
219.5,0.0,0.03830736267617157
220.0,0.0,0.03839562795664116
220.5,0.0,0.038483895788918566
221.0,0.0,0.038572166165842185
221.5,0.0,0.03866043908025486
222.0,0.0,0.03874871452500391
222.5,0.0,0.03883699249294111
223.0,0.0,0.038925272976922706
223.5,0.0,0.03901355596980941
224.0,0.0,0.039101841464466394
224.5,0.0,0.03919012945376328
225.0,0.0,0.03927841993057418
225.5,0.0,0.03936671288777765
226.0,0.0,0.0394550083182567
226.5,0.0,0.039543306214898814
227.0,0.0,0.039631606570595924
227.5,0.0,0.03971990937824443
228.0,0.0,0.03980821463074519
228.5,0.0,0.03989652232100351
229.0,0.0,0.03998483244192915
229.5,0.0,0.04007314498643633
230.0,0.0,0.04016145994744373
230.5,0.0,0.04024977731787447
231.0,0.0,0.040338097090656125
231.5,0.0,0.040426419258720744
232.0,0.0,0.04051474381500478
232.5,0.0,0.04060307075244917
233.0,0.0,0.04069140006399929
233.5,0.0,0.04077973174260496
234.0,0.0,0.04086806578122045
234.5,0.0,0.040956402172804475
235.0,0.0,0.041044740910320184
235.5,0.0,0.04113308198673518
236.0,0.0,0.041221425395021494
236.5,0.0,0.04130977112815563
237.0,0.0,0.04139811917911848
237.5,0.0,0.04148646954089542
238.0,0.0,0.04157482220647623
238.5,0.0,0.04166317716885515
239.0,0.0,0.04175153442103083
239.5,0.0,0.041839893956006395
240.0,0.0,0.04192825576678936
240.5,0.0,0.04201661984639166
241.0,0.0,0.04210498618782972
241.5,0.0,0.04219335478412435
242.0,0.0,0.04228172562830078
242.5,0.0,0.04237009871338868
243.0,0.0,0.042458474032422165
243.5,0.0,0.04254685157843973
244.0,0.0,0.042635231344484326
244.5,0.0,0.042723613323603304
245.0,0.0,0.042811997508848454
245.5,0.0,0.04290038389327595
246.0,0.0,0.042988772469946424
246.5,0.0,0.0430771632319249
247.0,0.0,0.0431655561722808
247.5,0.0,0.043253951284087995
248.0,0.0,0.04334234856042474
248.5,0.0,0.04343074799437371
249.0,0.0,0.04351914957902197
249.5,0.0,0.04360755330746101
250.0,0.0,0.04369595917278672
250.5,0.0,0.0437843671680994
251.0,0.0,0.04387277728650373
251.5,0.0,0.04396118952110883
252.0,0.0,0.04404960386502816
252.5,0.0,0.044138020311379624
253.0,0.0,0.044226438853285505
253.5,0.0,0.04431485948387248
254.0,0.0,0.044403282196271626
254.5,0.0,0.0444917069836184
255.0,0.0,0.044580133839052655
255.5,0.0,0.044668562755718635
256.0,0.0,0.04475699372676495
256.5,0.0,0.04484542674534461
257.0,0.0,0.044933861804615026
257.5,0.0,0.045022298897737956
258.0,0.0,0.04511073801787955
258.5,0.0,0.04519917915821035
259.0,0.0,0.04528762231190525
259.5,0.0,0.04537606747214354
260.0,0.0,0.04546451463210887
260.5,0.0,0.04555296378498926
261.0,0.0,0.04564141492397712
261.5,0.0,0.045729868042269195
262.0,0.0,0.045818323133066614
262.5,0.0,0.045906780189574885
263.0,0.0,0.04599523920500385
263.5,0.0,0.04608370017256772
264.0,0.0,0.04617216308548508
264.5,0.0,0.04626062793697886
265.0,0.0,0.04634909472027635
265.5,0.0,0.046437563428609184
266.0,0.0,0.046526034055213356
266.5,0.0,0.046614506593329205
267.0,0.0,0.04670298103620145
267.5,0.0,0.0467914573770791
268.0,0.0,0.04687993560921554
268.5,0.0,0.046968415725868524
269.0,0.0,0.0470568977203001
269.5,0.0,0.04714538158577667
270.0,0.0,0.04723386731556899
270.5,0.0,0.04732235490295214
271.0,0.0,0.04741084434120554
271.5,0.0,0.047499335623612915
272.0,0.0,0.04758782874346234
272.5,0.0,0.047676323694046265
273.0,0.0,0.04776482046866136
273.5,0.0,0.04785331906060873
274.0,0.0,0.04794181946319374
274.5,0.0,0.048030321669726074
275.0,0.0,0.048118825673519744
275.5,0.0,0.04820733146789313
276.0,0.0,0.04829583904616884
276.5,0.0,0.048384348401673855
277.0,0.0,0.048472859527739436
277.5,0.0,0.04856137241770118
278.0,0.0,0.04864988706489897
278.5,0.0,0.04873840346267701
279.0,0.0,0.04882692160438379
279.5,0.0,0.04891544148337212
280.0,0.0,0.04900396309299908
280.5,0.0,0.0490924864266261
281.0,0.0,0.04918101147761886
281.5,0.0,0.04926953823934735
282.0,0.0,0.04935806670518584
282.5,0.0,0.04944659686851291
283.0,0.0,0.049535128722711416
283.5,0.0,0.049623662261168495
284.0,0.0,0.04971219747727557
284.5,0.0,0.04980073436442836
285.0,0.0,0.04988927291602685
285.5,0.0,0.049977813125475286
286.0,0.0,0.05006635498618224
286.5,0.0,0.05015489849156052
287.0,0.0,0.05024344363502718
287.5,0.0,0.050331990410003635
288.0,0.0,0.05042053880991546
288.5,0.0,0.050509088828192564
289.0,0.0,0.050597640458269096
289.5,0.0,0.050686193693583466
290.0,0.0,0.05077474852757835
290.5,0.0,0.050863304953700686
291.0,0.0,0.050951862965401655
291.5,0.0,0.051040422556136694
292.0,0.0,0.0511289837193655
292.5,0.0,0.05121754644855201
293.0,0.0,0.0513061107371644
293.5,0.0,0.05139467657867513
294.0,0.0,0.051483243966560864
294.5,0.0,0.051571812894302516
295.0,0.0,0.05166038335538523
295.5,0.0,0.051748955343298396
296.0,0.0,0.05183752885153567
296.5,0.0,0.05192610387359488
297.0,0.0,0.052014680402978124
297.5,0.0,0.052103258433191725
298.0,0.0,0.05219183795774623
298.5,0.0,0.052280418970156374
299.0,0.0,0.05236900146394119
299.5,0.0,0.05245758543262386
300.0,0.0,0.052546170869731824
300.5,0.0,0.05263475776879672
301.0,0.0,0.0527233461233544
301.5,0.0,0.05281193592694494
302.0,0.0,0.052900527173112596
302.5,0.0,0.052989119855405886
303.0,0.0,0.053077713967377475
303.5,0.0,0.053166309502584254
304.0,0.0,0.05325490645458732
304.5,0.0,0.05334350481695196
305.0,0.0,0.05343210458324765
305.5,0.0,0.05352070574704812
306.0,0.0,0.05360930830193119
306.5,0.0,0.05369791224147893
307.0,0.0,0.05378651755927762
307.5,0.0,0.05387512424891768
308.0,0.0,0.05396373230399373
308.5,0.0,0.05405234171810458
309.0,0.0,0.05414095248485319
309.5,0.0,0.05422956459784672
310.0,0.0,0.054318178050696525
310.5,0.0,0.054406792837018096
311.0,0.0,0.05449540895043111
311.5,0.0,0.054584026384559406
312.0,0.0,0.054672645133031
312.5,0.0,0.05476126518947806
313.0,0.0,0.05484988654753693
313.5,0.0,0.0549385092008481
314.0,0.0,0.05502713314305622
314.5,0.0,0.055115758367810096
315.0,0.0,0.055204384868762696
315.5,0.0,0.05529301263957113
316.0,0.0,0.055381641673896635
316.5,0.0,0.05547027196540467
317.0,0.0,0.05555890350776472
317.5,0.0,0.05564753629465054
318.0,0.0,0.0557361703197399
318.5,0.0,0.055824805576714834
319.0,0.0,0.05591344205926141
319.5,0.0,0.05600207976106988
320.0,0.0,0.056090718675834594
320.5,0.0,0.05617935879725405
321.0,0.0,0.056268000119030916
321.5,0.0,0.0563566426348719
322.0,0.0,0.05644528633848788
322.5,0.0,0.056533931223593854
323.0,0.0,0.05662257728390893
323.5,0.0,0.05671122451315634
324.0,0.0,0.05679987290506341
324.5,0.0,0.05688852245336159
325.0,0.0,0.05697717315178644
325.5,0.0,0.05706582499407763
326.0,0.0,0.05715447797397892
326.5,0.0,0.05724313208523819
327.0,0.0,0.0573317873216074
327.5,0.0,0.05742044367684264
328.0,0.0,0.05750910114470406
328.5,0.0,0.057597759718955914
329.0,0.0,0.05768641939336654
329.5,0.0,0.057775080161708424
330.0,0.0,0.05786374201775804
330.5,0.0,0.057952404955296015
331.0,0.0,0.05804106896810704
331.5,0.0,0.05812973404997987
332.0,0.0,0.0582184001947074
332.5,0.0,0.05830706739608651
333.0,0.0,0.0583957356479182
333.5,0.0,0.05848440494400756
334.0,0.0,0.058573075278163717
334.5,0.0,0.05866174664419986
335.0,0.0,0.058750419035933275
335.5,0.0,0.058839092447185284
336.0,0.0,0.05892776687178128
336.5,0.0,0.0590164423035507
337.0,0.0,0.05910511873632706
337.5,0.0,0.059193796163947904
338.0,0.0,0.059282474580254846
338.5,0.0,0.059371153979093545
339.0,0.0,0.059459834354313686
339.5,0.0,0.059548515699769024
340.0,0.0,0.05963719800931734
340.5,0.0,0.05972588127682047
341.0,0.0,0.05981456549614426
341.5,0.0,0.05990325066115864
342.0,0.0,0.05999193676573752
342.5,0.0,0.060080623803758865
343.0,0.0,0.060169311769104665
343.5,0.0,0.060258000655660934
344.0,0.0,0.06034669045731773
344.5,0.0,0.060435381167969086
345.0,0.0,0.0605240727815131
345.5,0.0,0.060612765291851875
346.0,0.0,0.06070145869289152
346.5,0.0,0.060790152978542164
347.0,0.0,0.060878848142717934
347.5,0.0,0.06096754417933698
348.0,0.0,0.06105624108232146
348.5,0.0,0.06114493884559752
349.0,0.0,0.06123363746309531
349.5,0.0,0.061322336928749
350.0,0.0,0.061411037236496734
350.5,0.0,0.06149973838028065
351.0,0.0,0.061588440354046904
351.5,0.0,0.06167714315174561
352.0,0.0,0.06176584676733088
352.5,0.0,0.06185455119476085
353.0,0.0,0.06194325642799755
353.5,0.0,0.0620319624610071
354.0,0.0,0.062120669287759514
354.5,0.0,0.062209376902228816
355.0,0.0,0.06229808529839301
355.5,0.0,0.06238679447023406
356.0,0.0,0.06247550441173791
356.5,0.0,0.06256421511689446
357.0,0.0,0.06265292657969758
357.5,0.0,0.06274163879414511
358.0,0.0,0.06283035175423883
358.5,0.0,0.06291906545398453
359.0,0.0,0.06300777988739187
359.5,0.0,0.06309649504847455
360.0,0.0,0.06318521093125017
360.5,0.0,0.06327392752974029
361.0,0.0,0.06336264483797044
361.5,0.0,0.06345136284997008
362.0,0.0,0.06354008155977259
362.5,0.0,0.06362880096141531
363.0,0.0,0.06371752104893953
363.5,0.0,0.06380624181639047
364.0,0.0,0.06389496325781727
364.5,0.0,0.06398368536727302
365.0,0.0,0.06407240813881472
365.5,0.0,0.0641611315665033
366.0,0.0,0.06424985564440365
366.5,0.0,0.06433858036658453
367.0,0.0,0.06442730572711863
367.5,0.0,0.06451603172008263
368.0,0.0,0.06460475833955702
368.5,0.0,0.06469348557962626
369.0,0.0,0.06478221343437872
369.5,0.0,0.06487094189790667
370.0,0.0,0.06495967096430628
370.5,0.0,0.06504840062767765
371.0,0.0,0.06513713088212476
371.5,0.0,0.0652258617217555
372.0,0.0,0.06531459314068162
372.5,0.0,0.06540332513301887
373.0,0.0,0.06549205769288677
373.5,0.0,0.0655807908144088
374.0,0.0,0.06566952449171229
374.5,0.0,0.0657582587189285
375.0,0.0,0.06584699349019257
375.5,0.0,0.06593572879964348
376.0,0.0,0.06602446464142411
376.5,0.0,0.06611320100968127
377.0,0.0,0.06620193789856554
377.5,0.0,0.06629067530223147
378.0,0.0,0.06637941321483742
378.5,0.0,0.06646815163054565
379.0,0.0,0.06655689054352229
379.5,0.0,0.06664562994793734
380.0,0.0,0.0667343698379646
380.5,0.0,0.0668231102077818
381.0,0.0,0.06691185105157048
381.5,0.0,0.06700059236351608
382.0,0.0,0.06708933413780786
382.5,0.0,0.06717807636863894
383.0,0.0,0.0672668190502063
383.5,0.0,0.06735556217671075
384.0,0.0,0.06744430574235695
384.5,0.0,0.0675330497413534
385.0,0.0,0.06762179416791242
385.5,0.0,0.06771053901625022
386.0,0.0,0.0677992842805868
386.5,0.0,0.06788802995514602
387.0,0.0,0.06797677603415554
387.5,0.0,0.06806552251184687
388.0,0.0,0.06815426938245535
388.5,0.0,0.06824301664022013
389.0,0.0,0.0683317642793842
389.5,0.0,0.06842051229419434
390.0,0.0,0.06850926067890117
390.5,0.0,0.06859800942775914
391.0,0.0,0.06868675853502645
391.5,0.0,0.06877550799496518
392.0,0.0,0.06886425780184122
392.5,0.0,0.06895300794992418
393.0,0.0,0.06904175843348759
393.5,0.0,0.06913050924680868
394.0,0.0,0.06921926038416853
394.5,0.0,0.06930801183985204
395.0,0.0,0.06939676360814785
395.5,0.0,0.06948551568334843
396.0,0.0,0.06957426805975003
396.5,0.0,0.06966302073165266
397.0,0.0,0.06975177369336019
397.5,0.0,0.0698405269391802
398.0,0.0,0.0699292804634241
398.5,0.0,0.07001803426040705
399.0,0.0,0.07010678832444799
399.5,0.0,0.07019554264986966
400.0,0.0,0.07028429723099854
400.5,0.0,0.07037305206216489
401.0,0.0,0.07046180713770277
401.5,0.0,0.07055056245194997
402.0,0.0,0.07063931799924805
402.5,0.0,0.07072807377394233
403.0,0.0,0.07081682977038192
403.5,0.0,0.07090558598291966
404.0,0.0,0.07099434240591214
404.5,0.0,0.07108309903371972
405.0,0.0,0.0711718558607065
405.5,0.0,0.07126061288124035
406.0,0.0,0.07134937008969285
406.5,0.0,0.07143812748043935
407.0,0.0,0.07152688504785892
407.5,0.0,0.07161564278633444
408.0,0.0,0.07170440069025241
408.5,0.0,0.07179315875400316
409.0,0.0,0.07188191697198072
409.5,0.0,0.07197067533858285
410.0,0.0,0.07205943384821106
410.5,0.0,0.07214819249527053
411.0,0.0,0.07223695127417026
411.5,0.0,0.07232571017932289
412.0,0.0,0.0724144692051448
412.5,0.0,0.07250322834605609
413.0,0.0,0.0725919875964806
413.5,0.0,0.07268074695084585
414.0,0.0,0.0727695064035831
414.5,0.0,0.0728582659491273
415.0,0.0,0.0729470255819171
415.5,0.0,0.07303578529639487
416.0,0.0,0.07312454508700669
416.5,0.0,0.07321330494820236
417.0,0.0,0.07330206487443529
417.5,0.0,0.07339082486016268
418.0,0.0,0.0734795848998454
418.5,0.0,0.07356834498794797
419.0,0.0,0.07365710511893864
419.5,0.0,0.07374586528728934
420.0,0.0,0.07383462548747569
420.5,0.0,0.07392338571397698
421.0,0.0,0.0740121459612762
421.5,0.0,0.07410090622386
422.0,0.0,0.0741896664962187
422.5,0.0,0.07427842677284634
423.0,0.0,0.07436718704824055
423.5,0.0,0.07445594731690273
424.0,0.0,0.07454470757333788
424.5,0.0,0.07463346781205467
425.0,0.0,0.07472222802756547
425.5,0.0,0.07481098821438627
426.0,0.0,0.07489974836703675
426.5,0.0,0.07498850848004024
427.0,0.0,0.0750772685479237
427.5,0.0,0.07516602856521779
428.0,0.0,0.07525478852645677
428.5,0.0,0.07534354842617857
429.0,0.0,0.0754323082589248
429.5,0.0,0.07552106801924066
430.0,0.0,0.075609827701675
430.5,0.0,0.07569858730078037
431.0,0.0,0.07578734681111288
431.5,0.0,0.07587610622723232
432.0,0.0,0.07596486554370208
432.5,0.0,0.07605362475508924
433.0,0.0,0.07614238385596445
433.5,0.0,0.076231142840902
434.0,0.0,0.07631990170447985
434.5,0.0,0.0764086604412795
435.0,0.0,0.07649741904588615
435.5,0.0,0.07658617751288858
436.0,0.0,0.0766749358368792
436.5,0.0,0.07676369401245402
437.0,0.0,0.07685245203421265
437.5,0.0,0.07694120989675834
438.0,0.0,0.07702996759469795
438.5,0.0,0.07711872512264191
439.0,0.0,0.07720748247520429
439.5,0.0,0.07729623964700273
440.0,0.0,0.0773849966326585
440.5,0.0,0.07747375342679648
441.0,0.0,0.07756251002404507
441.5,0.0,0.07765126641903633
442.0,0.0,0.07774002260640589
442.5,0.0,0.07782877858079296
443.0,0.0,0.07791753433684036
443.5,0.0,0.07800628986919446
444.0,0.0,0.07809504517250528
444.5,0.0,0.07818380024142632
445.0,0.0,0.07827255507061473
445.5,0.0,0.07836130965473122
446.0,0.0,0.07845006398844007
446.5,0.0,0.07853881806640914
447.0,0.0,0.07862757188330982
447.5,0.0,0.07871632543381711
448.0,0.0,0.07880507871260961
448.5,0.0,0.07889383171436938
449.0,0.0,0.07898258443378212
449.5,0.0,0.07907133686553705
450.0,0.0,0.07916008900432699
450.5,0.0,0.07924884084484826
451.0,0.0,0.07933759238180081
451.5,0.0,0.07942634360988804
452.0,0.0,0.07951509452381697
452.5,0.0,0.07960384511829814
453.0,0.0,0.07969259538804564
453.5,0.0,0.0797813453277771
454.0,0.0,0.07987009493221368
454.5,0.0,0.07995884419608014
455.0,0.0,0.08004759311410467
455.5,0.0,0.08013634168101907
456.0,0.0,0.08022508989155866
456.5,0.0,0.08031383774046227
457.0,0.0,0.08040258522247228
457.5,0.0,0.08049133233233455
458.0,0.0,0.08058007906479853
458.5,0.0,0.08066882541461713
459.0,0.0,0.08075757137654682
459.5,0.0,0.08084631694534758
460.0,0.0,0.08093506211578289
460.5,0.0,0.08102380688261974
461.0,0.0,0.08111255124062866
461.5,0.0,0.08120129518458366
462.0,0.0,0.08129003870926224
462.5,0.0,0.0813787818094455
463.0,0.0,0.0814675244799179
463.5,0.0,0.08155626671546751
464.0,0.0,0.08164500851088584
464.5,0.0,0.08173374986096793
465.0,0.0,0.0818224907605123
465.5,0.0,0.08191123120432096
466.0,0.0,0.08199997118719943
466.5,0.0,0.08208871070395665
467.0,0.0,0.08217744974940516
467.5,0.0,0.08226618831836088
468.0,0.0,0.08235492640564326
468.5,0.0,0.08244366400607522
469.0,0.0,0.08253240111448316
469.5,0.0,0.08262113772569696
470.0,0.0,0.08270987383454996
470.5,0.0,0.08279860943587898
471.0,0.0,0.0828873445245243
471.5,0.0,0.08297607909532968
472.0,0.0,0.08306481314314235
472.5,0.0,0.08315354666281297
473.0,0.0,0.0832422796491957
473.5,0.0,0.08333101209714812
474.0,0.0,0.0834197440015313
474.5,0.0,0.08350847535720977
475.0,0.0,0.08359720615905147
475.5,0.0,0.08368593640192784
476.0,0.0,0.08377466608071373
476.5,0.0,0.08386339519028745
477.0,0.0,0.08395212372553075
477.5,0.0,0.08404085168132885
478.0,0.0,0.08412957905257039
478.5,0.0,0.08421830583414744
479.0,0.0,0.08430703202095549
479.5,0.0,0.08439575760789352
480.0,0.0,0.0844844825898639
480.5,0.0,0.08457320696177241
481.0,0.0,0.08466193071852834
481.5,0.0,0.08475065385504434
482.0,0.0,0.08483937636623647
482.5,0.0,0.08492809824702426
483.0,0.0,0.08501681949233064
483.5,0.0,0.08510554009708197
484.0,0.0,0.08519426005620799
484.5,0.0,0.08528297936464188
485.0,0.0,0.08537169801732027
485.5,0.0,0.08546041600918311
486.0,0.0,0.08554913333517383
486.5,0.0,0.08563784999023924
487.0,0.0,0.08572656596932955
487.5,0.0,0.08581528126739839
488.0,0.0,0.08590399587940277
488.5,0.0,0.08599270980030312
489.0,0.0,0.08608142302506323
489.5,0.0,0.08617013554865033
490.0,0.0,0.086258847366035
490.5,0.0,0.08634755847219122
491.0,0.0,0.08643626886209638
491.5,0.0,0.08652497853073123
492.0,0.0,0.08661368747307992
492.5,0.0,0.08670239568412996
493.0,0.0,0.08679110315887227
493.5,0.0,0.08687980989230112
494.0,0.0,0.0869685158794142
494.5,0.0,0.0870572211152125
495.0,0.0,0.08714592559470043
495.5,0.0,0.08723462931288577
496.0,0.0,0.08732333226477965
496.5,0.0,0.08741203444539658
497.0,0.0,0.08750073584975443
497.5,0.0,0.08758943647287443
498.0,0.0,0.08767813630978116
498.5,0.0,0.08776683535550257
499.0,0.0,0.08785553360506997
499.5,0.0,0.08794423105351801
500.0,0.0,0.08803292769588468
500.5,0.0,0.08812162352721135
501.0,0.0,0.08821031854254273
501.5,0.0,0.08829901273692686
502.0,0.0,0.08838770610541515
502.5,0.0,0.0884763986430623
503.0,0.0,0.0885650903449264
503.5,0.0,0.08865378120606887
504.0,0.0,0.08874247122155444
504.5,0.0,0.08883116038645121
505.0,0.0,0.08891984869583057
505.5,0.0,0.08900853614476725
506.0,0.0,0.08909722272833936
506.5,0.0,0.08918590844162828
507.0,0.0,0.08927459327971872
507.5,0.0,0.08936327723769871
508.0,0.0,0.08945196031065962
508.5,0.0,0.08954064249369613
509.0,0.0,0.08962932378190622
509.5,0.0,0.0897180041703912
510.0,0.0,0.0898066836542557
510.5,0.0,0.08989536222860764
511.0,0.0,0.08998403988855824
511.5,0.0,0.09007271662922207
512.0,0.0,0.09016139244571696
512.5,0.0,0.09025006733316406
513.0,0.0,0.09033874128668781
513.5,0.0,0.09042741430141596
514.0,0.0,0.09051608637247954
514.5,0.0,0.09060475749501293
515.0,0.0,0.0906934276641537
515.5,0.0,0.09078209687504281
516.0,0.0,0.09087076512282444
516.5,0.0,0.09095943240264608
517.0,0.0,0.09104809870965852
517.5,0.0,0.09113676403901581
518.0,0.0,0.0912254283858753
518.5,0.0,0.0913140917453976
519.0,0.0,0.0914027541127466
519.5,0.0,0.09149141548308946
520.0,0.0,0.09158007585159667
520.5,0.0,0.09166873521344188
521.0,0.0,0.0917573935638021
521.5,0.0,0.09184605089785756
522.0,0.0,0.0919347072107918
522.5,0.0,0.09202336249779158
523.0,0.0,0.09211201675404693
523.5,0.0,0.09220066997475114
524.0,0.0,0.09228932215510077
524.5,0.0,0.09237797329029562
525.0,0.0,0.09246662337553878
525.5,0.0,0.09255527240603652
526.0,0.0,0.09264392037699841
526.5,0.0,0.09273256728363725
527.0,0.0,0.09282121312116912
527.5,0.0,0.09290985788481329
528.0,0.0,0.0929985015697923
528.5,0.0,0.09308714417133195
529.0,0.0,0.09317578568466121
529.5,0.0,0.0932644261050124
530.0,0.0,0.09335306542762094
530.5,0.0,0.09344170364772557
531.0,0.0,0.09353034076056824
531.5,0.0,0.09361897676139411
532.0,0.0,0.09370761164545159
532.5,0.0,0.0937962454079923
533.0,0.0,0.0938848780442711
533.5,0.0,0.09397350954954606
534.0,0.0,0.09406213991907846
534.5,0.0,0.09415076914813275
535.0,0.0,0.09423939723197675
535.5,0.0,0.09432802416588126
536.0,0.0,0.09441664994512053
536.5,0.0,0.09450527456497189
537.0,0.0,0.09459389802071586
537.5,0.0,0.09468252030763621
538.0,0.0,0.09477114142101992
538.5,0.0,0.09485976135615713
539.0,0.0,0.09494838010834124
539.5,0.0,0.09503699767286879
540.0,0.0,0.09512561404503954
540.5,0.0,0.09521422922015643
541.0,0.0,0.09530284319352562
541.5,0.0,0.09539145596045644
542.0,0.0,0.0954800675162614
542.5,0.0,0.09556867785625621
543.0,0.0,0.09565728697575977
543.5,0.0,0.09574589487009415
544.0,0.0,0.09583450153458459
544.5,0.0,0.09592310696455954
545.0,0.0,0.0960117111553506
545.5,0.0,0.09610031410229254
546.0,0.0,0.09618891580072333
546.5,0.0,0.0962775162459841
547.0,0.0,0.09636611543341915
547.5,0.0,0.09645471335837592
548.0,0.0,0.09654331001620506
548.5,0.0,0.09663190540226034
549.0,0.0,0.09672049951189873
549.5,0.0,0.09680909234048034
550.0,0.0,0.09689768388336843
550.5,0.0,0.09698627413592943
551.0,0.0,0.09707486309353289
551.5,0.0,0.09716345075155162
552.0,0.0,0.09725203710536141
552.5,0.0,0.0973406221503414
553.0,0.0,0.09742920588187362
553.5,0.0,0.09751778829534354
554.0,0.0,0.09760636938613952
554.5,0.0,0.09769494914965317
555.0,0.0,0.09778352758127928
555.5,0.0,0.09787210467641573
556.0,0.0,0.0979606804304635
556.5,0.0,0.09804925483882679
557.0,0.0,0.09813782789691282
557.5,0.0,0.09822639960013202
558.0,0.0,0.09831496994389793
558.5,0.0,0.09840353892362723
559.0,0.0,0.09849210653473969
559.5,0.0,0.0985806727726582
560.0,0.0,0.09866923763280884
560.5,0.0,0.09875780111062073
561.0,0.0,0.09884636320152614
561.5,0.0,0.09893492390096044
562.0,0.0,0.09902348320436213
562.5,0.0,0.09911204110717282
563.0,0.0,0.09920059760483722
563.5,0.0,0.09928915269280314
564.0,0.0,0.0993777063665215
564.5,0.0,0.09946625862144633
565.0,0.0,0.09955480945303481
565.5,0.0,0.09964335885674709
566.0,0.0,0.09973190682804658
566.5,0.0,0.09982045336239966
567.0,0.0,0.09990899845527584
567.5,0.0,0.09999754210214776
568.0,0.0,0.1000860842984911
568.5,0.0,0.10017462503978466
569.0,0.0,0.10026316432151033
569.5,0.0,0.10035170213915304
570.0,0.0,0.10044023848820091
570.5,0.0,0.100528773364145
571.0,0.0,0.10061730676247953
571.5,0.0,0.1007058386787018
572.0,0.0,0.10079436910831217
572.5,0.0,0.10088289804681408
573.0,0.0,0.10097142548971402
573.5,0.0,0.10105995143252157
574.0,0.0,0.10114847587074945
574.5,0.0,0.10123699879991328
575.0,0.0,0.10132552021553189
575.5,0.0,0.10141404011312707
576.0,0.0,0.1015025584882238
576.5,0.0,0.10159107533635
577.0,0.0,0.10167959065303671
577.5,0.0,0.101768104433818
578.0,0.0,0.101856616674231
578.5,0.0,0.1019451273698159
579.0,0.0,0.10203363651611592
579.5,0.0,0.10212214410867737
580.0,0.0,0.10221065014304956
580.5,0.0,0.10229915461478487
581.0,0.0,0.10238765751943872
581.5,0.0,0.10247615885256958
582.0,0.0,0.10256465860973894
582.5,0.0,0.10265315678651135
583.0,0.0,0.10274165337845435
583.5,0.0,0.10283014838113859
584.0,0.0,0.10291864179013765
584.5,0.0,0.10300713360102831
585.0,0.0,0.10309562380939016
585.5,0.0,0.10318411241080598
586.0,0.0,0.1032725994008615
586.5,0.0,0.10336108477514552
587.0,0.0,0.10344956852924982
587.5,0.0,0.10353805065876921
588.0,0.0,0.10362653115930155
588.5,0.0,0.10371501002644767
589.0,0.0,0.10380348725581146
589.5,0.0,0.10389196284299976
590.0,0.0,0.10398043678362248
590.5,0.0,0.10406890907329253
591.0,0.0,0.10415737970762579
591.5,0.0,0.10424584868224118
592.0,0.0,0.10433431599276062
592.5,0.0,0.10442278163480903
593.0,0.0,0.10451124560401429
593.5,0.0,0.1045997078960074
594.0,0.0,0.10468816850642218
594.5,0.0,0.10477662743089558
595.0,0.0,0.10486508466506748
595.5,0.0,0.1049535402045808
596.0,0.0,0.10504199404508138
596.5,0.0,0.10513044618221813
597.0,0.0,0.10521889661164287
597.5,0.0,0.10530734532901044
598.0,0.0,0.10539579232997864
598.5,0.0,0.10548423761020834
599.0,0.0,0.10557268116536325
599.5,0.0,0.10566112299111016
600.0,0.0,0.10574956308311878
600.5,0.0,0.10583800143706183
601.0,0.0,0.10592643804861498
601.5,0.0,0.10601487291345688
602.0,0.0,0.10610330602726913
602.5,0.0,0.10619173738573633
603.0,0.0,0.10628016698454601
603.5,0.0,0.10636859481938865
604.0,0.0,0.10645702088595782
604.5,0.0,0.10654544517994985
605.0,0.0,0.10663386769706412
605.5,0.0,0.10672228843300306
606.0,0.0,0.1068107073834719
606.5,0.0,0.10689912454417891
607.0,0.0,0.10698753991083526
607.5,0.0,0.10707595347915512
608.0,0.0,0.10716436524485559
608.5,0.0,0.1072527752036567
609.0,0.0,0.10734118335128143
609.5,0.0,0.10742958968345571
610.0,0.0,0.10751799419590838
610.5,0.0,0.1076063968843713
611.0,0.0,0.10769479774457917
611.5,0.0,0.10778319677226968
612.0,0.0,0.10787159396318341
612.5,0.0,0.10795998931306394
613.0,0.0,0.1080483828176577
613.5,0.0,0.10813677447271411
614.0,0.0,0.10822516427398546
614.5,0.0,0.10831355221722706
615.0,0.0,0.10840193829819703
615.5,0.0,0.10849032251265643
616.0,0.0,0.10857870485636936
616.5,0.0,0.10866708532510269
617.0,0.0,0.10875546391462626
617.5,0.0,0.10884384062071284
618.0,0.0,0.1089322154391381
618.5,0.0,0.10902058836568061
619.0,0.0,0.10910895939612186
619.5,0.0,0.10919732852624625
620.0,0.0,0.10928569575184108
620.5,0.0,0.10937406106869654
621.0,0.0,0.10946242447260575
621.5,0.0,0.10955078595936471
622.0,0.0,0.10963914552477232
622.5,0.0,0.10972750316463038
623.0,0.0,0.1098158588747436
623.5,0.0,0.10990421265091956
624.0,0.0,0.10999256448896873
624.5,0.0,0.11008091438470449
625.0,0.0,0.1101692623339431
625.5,0.0,0.1102576083325037
626.0,0.0,0.11034595237620834
626.5,0.0,0.11043429446088189
627.0,0.0,0.11052263458235213
627.5,0.0,0.11061097273644982
628.0,0.0,0.11069930891900845
628.5,0.0,0.11078764312586446
629.0,0.0,0.1108759753528571
629.5,0.0,0.11096430559582864
630.0,0.0,0.11105263385062406
630.5,0.0,0.11114096011309124
631.0,0.0,0.11122928437908106
631.5,0.0,0.11131760664444709
632.0,0.0,0.11140592690504587
632.5,0.0,0.11149424515673678
633.0,0.0,0.11158256139538202
633.5,0.0,0.11167087561684673
634.0,0.0,0.11175918781699883
634.5,0.0,0.11184749799170915
635.0,0.0,0.11193580613685129
635.5,0.0,0.11202411224830185
636.0,0.0,0.11211241632194012
636.5,0.0,0.11220071835364835
637.0,0.0,0.1122890183393116
637.5,0.0,0.11237731627481777
638.0,0.0,0.11246561215605759
638.5,0.0,0.11255390597892466
639.0,0.0,0.11264219773931541
639.5,0.0,0.11273048743312912
640.0,0.0,0.11281877505626788
640.5,0.0,0.11290706060463664
641.0,0.0,0.11299534407414318
641.5,0.0,0.1130836254606981
642.0,0.0,0.11317190476021484
642.5,0.0,0.11326018196860967
643.0,0.0,0.11334845708180169
643.5,0.0,0.1134367300957128
644.0,0.0,0.11352500100626775
644.5,0.0,0.11361326980939411
645.0,0.0,0.11370153650102224
645.5,0.0,0.11378980107708538
646.0,0.0,0.1138780635335195
646.5,0.0,0.11396632386626351
647.0,0.0,0.114054582071259
647.5,0.0,0.1141428381444504
648.0,0.0,0.11423109208178509
648.5,0.0,0.11431934387921307
649.0,0.0,0.11440759353268723
649.5,0.0,0.11449584103816324
650.0,0.0,0.11458408639159966
650.5,0.0,0.11467232958895773
651.0,0.0,0.11476057062620158
651.5,0.0,0.11484880949929809
652.0,0.0,0.11493704620421695
652.5,0.0,0.11502528073693066
653.0,0.0,0.11511351309341449
653.5,0.0,0.11520174326964651
654.0,0.0,0.11528997126160759
654.5,0.0,0.11537819706528138
655.0,0.0,0.11546642067665427
655.5,0.0,0.11555464209171558
656.0,0.0,0.11564286130645726
656.5,0.0,0.1157310783168741
657.0,0.0,0.11581929311896368
657.5,0.0,0.11590750570872634
658.0,0.0,0.1159957160821652
658.5,0.0,0.11608392423528618
659.0,0.0,0.11617213016409794
659.5,0.0,0.1162603338646119
660.0,0.0,0.11634853533284234
660.5,0.0,0.11643673456480623
661.0,0.0,0.11652493155652326
661.5,0.0,0.116613126304016
662.0,0.0,0.11670131880330975
662.5,0.0,0.11678950905043249
663.0,0.0,0.11687769704141508
663.5,0.0,0.11696588277229107
664.0,0.0,0.11705406623909681
664.5,0.0,0.11714224743787131
665.0,0.0,0.11723042636465641
665.5,0.0,0.11731860301549679
666.0,0.0,0.11740677738643963
666.5,0.0,0.11749494947353513
667.0,0.0,0.11758311927283609
667.5,0.0,0.11767128678039804
668.0,0.0,0.11775945199227937
668.5,0.0,0.1178476149045411
669.0,0.0,0.11793577551324706
669.5,0.0,0.11802393381446374
670.0,0.0,0.11811208980426051
670.5,0.0,0.11820024347870932
671.0,0.0,0.11828839483388492
671.5,0.0,0.11837654386586483
672.0,0.0,0.11846469057072924
672.5,0.0,0.1185528349445611
673.0,0.0,0.1186409769834461
673.5,0.0,0.1187291166834726
674.0,0.0,0.11881725404073176
674.5,0.0,0.11890538905131744
675.0,0.0,0.11899352171132617
675.5,0.0,0.11908165201685723
676.0,0.0,0.1191697799640127
676.5,0.0,0.11925790554889724
677.0,0.0,0.11934602876761831
677.5,0.0,0.11943414961628603
678.0,0.0,0.11952226809101334
678.5,0.0,0.11961038418791574
679.0,0.0,0.1196984979031115
679.5,0.0,0.11978660923272172
680.0,0.0,0.11987471817286999
680.5,0.0,0.11996282471968271
681.0,0.0,0.12005092886928907
681.5,0.0,0.1201390306178208
682.0,0.0,0.12022712996141241
682.5,0.0,0.12031522689620111
683.0,0.0,0.12040332141832676
683.5,0.0,0.120491413523932
684.0,0.0,0.12057950320916211
684.5,0.0,0.12066759047016502
685.0,0.0,0.12075567530309142
685.5,0.0,0.12084375770409465
686.0,0.0,0.12093183766933076
686.5,0.0,0.12101991519495844
687.0,0.0,0.12110799027713913
687.5,0.0,0.12119606291203688
688.0,0.0,0.1212841330958185
688.5,0.0,0.12137220082465337
689.0,0.0,0.12146026609471366
689.5,0.0,0.12154832890217415
690.0,0.0,0.1216363892432123
690.5,0.0,0.12172444711400825
691.0,0.0,0.12181250251074481
691.5,0.0,0.12190055542960747
692.0,0.0,0.12198860586678437
692.5,0.0,0.12207665381846632
693.0,0.0,0.12216469928084676
693.5,0.0,0.12225274225012195
694.0,0.0,0.12234078272249056
694.5,0.0,0.12242882069415408
695.0,0.0,0.12251685616131668
695.5,0.0,0.12260488912018506
696.0,0.0,0.12269291956696869
696.5,0.0,0.12278094749787963
697.0,0.0,0.12286897290913261
697.5,0.0,0.12295699579694502
698.0,0.0,0.1230450161575369
698.5,0.0,0.1231330339871309
699.0,0.0,0.12322104928195235
699.5,0.0,0.12330906203822922
700.0,0.0,0.12339707225219215
700.5,0.0,0.12348507992007429
701.0,0.0,0.12357308503811164
701.5,0.0,0.12366108760254264
702.0,0.0,0.12374908760960845
702.5,0.0,0.12383708505555296
703.0,0.0,0.12392507993662247
703.5,0.0,0.12401307224906614
704.0,0.0,0.12410106198913556
704.5,0.0,0.12418904915308514
705.0,0.0,0.12427703373717171
705.5,0.0,0.12436501573765496
706.0,0.0,0.12445299515079698
706.5,0.0,0.12454097197286262
707.0,0.0,0.1246289462001193
707.5,0.0,0.12471691782883705
708.0,0.0,0.12480488685528858
708.5,0.0,0.12489285327574916
709.0,0.0,0.12498081708649668
709.5,0.0,0.12506877828381163
710.0,0.0,0.12515673686397713
710.5,0.0,0.12524469282327894
711.0,0.0,0.12533264615800535
711.5,0.0,0.12542059686444731
712.0,0.0,0.1255085449388984
712.5,0.0,0.12559649037765475
713.0,0.0,0.12568443317701508
713.5,0.0,0.12577237333328084
714.0,0.0,0.12586031084275587
714.5,0.0,0.12594824570174673
715.0,0.0,0.12603617790656257
715.5,0.0,0.12612410745351518
716.0,0.0,0.12621203433891884
716.5,0.0,0.12629995855909046
717.0,0.0,0.1263878801103496
717.5,0.0,0.12647579898901828
718.0,0.0,0.1265637151914212
718.5,0.0,0.12665162871388572
719.0,0.0,0.12673953955274153
719.5,0.0,0.1268274477043212
720.0,0.0,0.12691535316495967
720.5,0.0,0.12700325593099457
721.0,0.0,0.12709115599876603
721.5,0.0,0.1271790533646168
722.0,0.0,0.1272669480248922
722.5,0.0,0.1273548399759401
723.0,0.0,0.127442729214111
723.5,0.0,0.1275306157357579
724.0,0.0,0.12761849953723642
724.5,0.0,0.1277063806149047
725.0,0.0,0.12779425896512348
725.5,0.0,0.12788213458425604
726.0,0.0,0.12797000746866824
726.5,0.0,0.12805787761472848
727.0,0.0,0.12814574501880774
727.5,0.0,0.12823360967727956
728.0,0.0,0.12832147158652002
728.5,0.0,0.12840933074290772
729.0,0.0,0.12849718714282393
729.5,0.0,0.12858504078265232
730.0,0.0,0.1286728916587792
730.5,0.0,0.12876073976759345
731.0,0.0,0.1288485851054864
731.5,0.0,0.12893642766885205
732.0,0.0,0.1290242674540868
732.5,0.0,0.12911210445758967
733.0,0.0,0.12919993867576232
733.5,0.0,0.12928777010500875
734.0,0.0,0.1293755987417356
734.5,0.0,0.1294634245823521
735.0,0.0,0.12955124762326992
735.5,0.0,0.1296390678609033
736.0,0.0,0.12972688529166895
736.5,0.0,0.1298146999119863
737.0,0.0,0.12990251171827707
737.5,0.0,0.12999032070696567
738.0,0.0,0.13007812687447898
738.5,0.0,0.13016593021724637
739.0,0.0,0.1302537307316998
739.5,0.0,0.1303415284142737
740.0,0.0,0.13042932326140508
740.5,0.0,0.13051711526953338
741.0,0.0,0.13060490443510067
741.5,0.0,0.1306926907545514
742.0,0.0,0.13078047422433262
742.5,0.0,0.13086825484089387
743.0,0.0,0.13095603260068722
743.5,0.0,0.13104380750016723
744.0,0.0,0.131131579535791
744.5,0.0,0.13121934870401802
745.0,0.0,0.1313071150013105
745.5,0.0,0.13139487842413294
746.0,0.0,0.13148263896895246
746.5,0.0,0.13157039663223866
747.0,0.0,0.13165815141046358
747.5,0.0,0.13174590330010186
748.0,0.0,0.13183365229763055
748.5,0.0,0.13192139839952924
749.0,0.0,0.13200914160227994
749.5,0.0,0.13209688190236732
750.0,0.0,0.1321846192962784
750.5,0.0,0.13227235378050264
751.0,0.0,0.13236008535153213
751.5,0.0,0.13244781400586134
752.0,0.0,0.1325355397399873
752.5,0.0,0.1326232625504095
753.0,0.0,0.13271098243362983
753.5,0.0,0.1327986993861528
754.0,0.0,0.1328864134044853
754.5,0.0,0.13297412448513674
755.0,0.0,0.13306183262461896
755.5,0.0,0.13314953781944627
756.0,0.0,0.1332372400661356
756.5,0.0,0.13332493936120615
757.0,0.0,0.13341263570117964
757.5,0.0,0.13350032908258042
758.0,0.0,0.13358801950193505
758.5,0.0,0.13367570695577274
759.0,0.0,0.13376339144062513
759.5,0.0,0.13385107295302626
760.0,0.0,0.13393875148951268
760.5,0.0,0.1340264270466234
761.0,0.0,0.1341140996208999
761.5,0.0,0.13420176920888602
762.0,0.0,0.1342894358071282
762.5,0.0,0.1343770994121752
763.0,0.0,0.1344647600205784
763.5,0.0,0.1345524176288914
764.0,0.0,0.13464007223367042
764.5,0.0,0.1347277238314741
765.0,0.0,0.1348153724188635
765.5,0.0,0.13490301799240215
766.0,0.0,0.13499066054865594
766.5,0.0,0.13507830008419333
767.0,0.0,0.13516593659558512
767.5,0.0,0.1352535700794046
768.0,0.0,0.13534120053222753
768.5,0.0,0.135428827950632
769.0,0.0,0.13551645233119855
769.5,0.0,0.1356040736705103
770.0,0.0,0.13569169196515268
770.5,0.0,0.13577930721171352
771.0,0.0,0.13586691940678314
771.5,0.0,0.13595452854695428
772.0,0.0,0.13604213462882211
772.5,0.0,0.13612973764898423
773.0,0.0,0.13621733760404062
773.5,0.0,0.13630493449059375
774.0,0.0,0.1363925283052484
774.5,0.0,0.13648011904461194
775.0,0.0,0.13656770670529395
775.5,0.0,0.13665529128390655
776.0,0.0,0.13674287277706434
776.5,0.0,0.1368304511813842
777.0,0.0,0.13691802649348547
777.5,0.0,0.13700559870998993
778.0,0.0,0.13709316782752165
778.5,0.0,0.13718073384270732
779.0,0.0,0.1372682967521758
779.5,0.0,0.13735585655255855
780.0,0.0,0.1374434132404893
780.5,0.0,0.1375309668126043
781.0,0.0,0.13761851726554208
781.5,0.0,0.13770606459594362
782.0,0.0,0.1377936088004523
782.5,0.0,0.1378811498757139
783.0,0.0,0.13796868781837665
783.5,0.0,0.138056222625091
784.0,0.0,0.13814375429251005
784.5,0.0,0.138231282817289
785.0,0.0,0.1383188081960857
785.5,0.0,0.13840633042556016
786.0,0.0,0.13849384950237498
786.5,0.0,0.138581365423195
787.0,0.0,0.1386688781846875
787.5,0.0,0.1387563877835222
788.0,0.0,0.13884389421637103
788.5,0.0,0.1389313974799085
789.0,0.0,0.13901889757081137
789.5,0.0,0.13910639448575882
790.0,0.0,0.13919388822143236
790.5,0.0,0.13928137877451596
791.0,0.0,0.13936886614169589
791.5,0.0,0.1394563503196608
792.0,0.0,0.13954383130510173
792.5,0.0,0.1396313090947121
793.0,0.0,0.13971878368518764
793.5,0.0,0.13980625507322644
794.0,0.0,0.13989372325552912
794.5,0.0,0.13998118822879843
795.0,0.0,0.14006864998973964
795.5,0.0,0.14015610853506028
796.0,0.0,0.1402435638614703
796.5,0.0,0.140331015965682
797.0,0.0,0.14041846484441003
797.5,0.0,0.14050591049437142
798.0,0.0,0.14059335291228547
798.5,0.0,0.1406807920948739
799.0,0.0,0.14076822803886077
799.5,0.0,0.14085566074097247
800.0,0.0,0.14094309019793777
800.5,0.0,0.14103051640648773
801.0,0.0,0.1411179393633558
801.5,0.0,0.14120535906527773
802.0,0.0,0.14129277550899172
802.5,0.0,0.1413801886912382
803.0,0.0,0.14146759860875993
803.5,0.0,0.14155500525830206
804.0,0.0,0.14164240863661212
804.5,0.0,0.14172980874043986
805.0,0.0,0.14181720556653743
805.5,0.0,0.14190459911165934
806.0,0.0,0.1419919893725623
806.5,0.0,0.14207937634600556
807.0,0.0,0.14216676002875048
807.5,0.0,0.14225414041756093
808.0,0.0,0.14234151750920293
808.5,0.0,0.14242889130044498
809.0,0.0,0.14251626178805782
809.5,0.0,0.1426036289688145
810.0,0.0,0.14269099283949044
810.5,0.0,0.14277835339686334
811.0,0.0,0.14286571063771325
811.5,0.0,0.1429530645588225
812.0,0.0,0.14304041515697577
812.5,0.0,0.14312776242896
813.0,0.0,0.14321510637156448
813.5,0.0,0.14330244698158082
814.0,0.0,0.14338978425580287
814.5,0.0,0.1434771181910269
815.0,0.0,0.14356444878405145
815.5,0.0,0.14365177603167723
816.0,0.0,0.14373909993070744
816.5,0.0,0.14382642047794747
817.0,0.0,0.14391373767020504
817.5,0.0,0.14400105150429018
818.0,0.0,0.14408836197701522
818.5,0.0,0.14417566908519477
819.0,0.0,0.1442629728256457
819.5,0.0,0.14435027319518726
820.0,0.0,0.14443757019064093
820.5,0.0,0.1445248638088305
821.0,0.0,0.144612154046582
821.5,0.0,0.14469944090072387
822.0,0.0,0.14478672436808673
822.5,0.0,0.14487400444550347
823.0,0.0,0.14496128112980933
823.5,0.0,0.14504855441784184
824.0,0.0,0.14513582430644076
824.5,0.0,0.14522309079244813
825.0,0.0,0.14531035387270833
825.5,0.0,0.145397613544068
826.0,0.0,0.14548486980337594
826.5,0.0,0.14557212264748343
827.0,0.0,0.14565937207324378
827.5,0.0,0.1457466180775128
828.0,0.0,0.14583386065714846
828.5,0.0,0.145921099809011
829.0,0.0,0.14600833552996295
829.5,0.0,0.14609556781686905
830.0,0.0,0.14618279666659642
830.5,0.0,0.14627002207601436
831.0,0.0,0.1463572440419944
831.5,0.0,0.14644446256141042
832.0,0.0,0.1465316776311385
832.5,0.0,0.146618889248057
833.0,0.0,0.14670609740904655
833.5,0.0,0.14679330211099
834.0,0.0,0.1468805033507725
834.5,0.0,0.14696770112528137
835.0,0.0,0.14705489543140632
835.5,0.0,0.14714208626603917
836.0,0.0,0.14722927362607408
836.5,0.0,0.14731645750840738
837.0,0.0,0.14740363790993774
837.5,0.0,0.147490814827566
838.0,0.0,0.14757798825819532
838.5,0.0,0.147665158198731
839.0,0.0,0.14775232464608065
839.5,0.0,0.14783948759715412
840.0,0.0,0.14792664704886346
840.5,0.0,0.148013802998123
841.0,0.0,0.14810095544184929
841.5,0.0,0.1481881043769611
842.0,0.0,0.14827524980037943
842.5,0.0,0.14836239170902754
843.0,0.0,0.1484495300998309
843.5,0.0,0.14853666496971724
844.0,0.0,0.14862379631561645
844.5,0.0,0.14871092413446071
845.0,0.0,0.14879804842318442
845.5,0.0,0.14888516917872419
846.0,0.0,0.14897228639801885
846.5,0.0,0.14905940007800944
847.0,0.0,0.14914651021563924
847.5,0.0,0.14923361680785371
848.0,0.0,0.14932071985160064
848.5,0.0,0.14940781934382988
849.0,0.0,0.1494949152814936
849.5,0.0,0.14958200766154617
850.0,0.0,0.1496690964809441
850.5,0.0,0.14975618173664626
851.0,0.0,0.14984326342561355
851.5,0.0,0.1499303415448092
852.0,0.0,0.1500174160911986
852.5,0.0,0.15010448706174936
853.0,0.0,0.15019155445343133
853.5,0.0,0.15027861826321648
854.0,0.0,0.15036567848807905
854.5,0.0,0.15045273512499543
855.0,0.0,0.15053978817094427
855.5,0.0,0.15062683762290635
856.0,0.0,0.1507138834778647
856.5,0.0,0.15080092573280457
857.0,0.0,0.1508879643847133
857.5,0.0,0.1509749994305805
858.0,0.0,0.15106203086739795
858.5,0.0,0.15114905869215958
859.0,0.0,0.15123608290186166
859.5,0.0,0.15132310349350245
860.0,0.0,0.15141012046408256
860.5,0.0,0.15149713381060465
861.0,0.0,0.15158414353007363
861.5,0.0,0.15167114961949663
862.0,0.0,0.15175815207588286
862.5,0.0,0.1518451508962438
863.0,0.0,0.15193214607759312
863.5,0.0,0.15201913761694652
864.0,0.0,0.1521061255113221
864.5,0.0,0.15219310975773992
865.0,0.0,0.15228009035322235
865.5,0.0,0.1523670672947939
866.0,0.0,0.1524540405794812
866.5,0.0,0.15254101020431315
867.0,0.0,0.1526279761663207
867.5,0.0,0.15271493846253706
868.0,0.0,0.15280189708999756
868.5,0.0,0.1528888520457397
869.0,0.0,0.15297580332680316
869.5,0.0,0.15306275093022975
870.0,0.0,0.1531496948530635
870.5,0.0,0.15323663509235053
871.0,0.0,0.15332357164513916
871.5,0.0,0.15341050450847984
872.0,0.0,0.1534974336794252
872.5,0.0,0.15358435915503
873.0,0.0,0.15367128093235122
873.5,0.0,0.15375819900844787
874.0,0.0,0.1538451133803812
874.5,0.0,0.1539320240452146
875.0,0.0,0.15401893100001363
875.5,0.0,0.1541058342418459
876.0,0.0,0.15419273376778125
876.5,0.0,0.15427962957489166
877.0,0.0,0.15436652166025122
877.5,0.0,0.15445341002093618
878.0,0.0,0.1545402946540249
878.5,0.0,0.15462717555659794
879.0,0.0,0.154714052725738
879.5,0.0,0.15480092615852978
880.0,0.0,0.15488779585206028
880.5,0.0,0.15497466180341857
881.0,0.0,0.15506152400969583
881.5,0.0,0.1551483824679854
882.0,0.0,0.15523523717538276
882.5,0.0,0.15532208812898549
883.0,0.0,0.15540893532589328
883.5,0.0,0.15549577876320803
884.0,0.0,0.15558261843803367
884.5,0.0,0.1556694543474763
885.0,0.0,0.15575628648864415
885.5,0.0,0.15584311485864757
886.0,0.0,0.15592993945459896
886.5,0.0,0.156016760273613
887.0,0.0,0.1561035773128063
887.5,0.0,0.15619039056929768
888.0,0.0,0.15627720004020812
888.5,0.0,0.1563640057226606
889.0,0.0,0.15645080761378033
889.5,0.0,0.15653760571069453
890.0,0.0,0.15662440001053257
890.5,0.0,0.15671119051042595
891.0,0.0,0.15679797720750824
891.5,0.0,0.15688476009891522
892.0,0.0,0.1569715391817846
892.5,0.0,0.15705831445325635
893.0,0.0,0.15714508591047244
893.5,0.0,0.15723185355057698
894.0,0.0,0.15731861737071617
894.5,0.0,0.1574053773680384
895.0,0.0,0.15749213353969396
895.5,0.0,0.15757888588283545
896.0,0.0,0.15766563439461742
896.5,0.0,0.15775237907219658
897.0,0.0,0.15783911991273172
897.5,0.0,0.1579258569133837
898.0,0.0,0.1580125900713155
898.5,0.0,0.15809931938369218
899.0,0.0,0.15818604484768087
899.5,0.0,0.15827276646045077
900.0,0.0,0.1583594842191733
900.5,0.0,0.15844619812102181
901.0,0.0,0.15853290816317173
901.5,0.0,0.1586196143428007
902.0,0.0,0.1587063166570883
902.5,0.0,0.15879301510321628
903.0,0.0,0.15887970967836848
903.5,0.0,0.15896640037973073
904.0,0.0,0.15905308720449102
904.5,0.0,0.15913977014983935
905.0,0.0,0.15922644921296786
905.5,0.0,0.15931312439107068
906.0,0.0,0.15939979568134408
906.5,0.0,0.15948646308098638
907.0,0.0,0.15957312658719797
907.5,0.0,0.15965978619718127
908.0,0.0,0.1597464419081408
908.5,0.0,0.15983309371728316
909.0,0.0,0.15991974162181696
909.5,0.0,0.160006385618953
910.0,0.0,0.16009302570590395
910.5,0.0,0.16017966187988464
911.0,0.0,0.16026629413811197
911.5,0.0,0.1603529224778049
912.0,0.0,0.1604395468961844
912.5,0.0,0.16052616739047354
913.0,0.0,0.16061278395789744
913.5,0.0,0.16069939659568325
914.0,0.0,0.16078600530106016
914.5,0.0,0.16087261007125944
915.0,0.0,0.16095921090351442
915.5,0.0,0.16104580779506042
916.0,0.0,0.1611324007431349
916.5,0.0,0.16121898974497723
917.0,0.0,0.16130557479782898
917.5,0.0,0.1613921558989336
918.0,0.0,0.16147873304553675
918.5,0.0,0.161565306234886
919.0,0.0,0.161651875464231
919.5,0.0,0.16173844073082344
920.0,0.0,0.16182500203191708
920.5,0.0,0.16191155936476767
921.0,0.0,0.161998112726633
921.5,0.0,0.16208466211477293
922.0,0.0,0.16217120752644928
922.5,0.0,0.162257748958926
923.0,0.0,0.16234428640946896
923.5,0.0,0.16243081987534616
924.0,0.0,0.16251734935382756
924.5,0.0,0.16260387484218516
925.0,0.0,0.16269039633769303
925.5,0.0,0.16277691383762716
926.0,0.0,0.16286342733926568
926.5,0.0,0.16294993683988865
927.0,0.0,0.16303644233677822
927.5,0.0,0.1631229438272185
928.0,0.0,0.16320944130849568
928.5,0.0,0.1632959347778979
929.0,0.0,0.16338242423271537
929.5,0.0,0.16346890967024028
930.0,0.0,0.16355539108776684
930.5,0.0,0.16364186848259127
931.0,0.0,0.16372834185201177
931.5,0.0,0.16381481119332866
932.0,0.0,0.16390127650384415
932.5,0.0,0.16398773778086248
933.0,0.0,0.16407419502168996
933.5,0.0,0.16416064822363483
934.0,0.0,0.16424709738400736
934.5,0.0,0.16433354250011986
935.0,0.0,0.16441998356928658
935.5,0.0,0.16450642058882378
936.0,0.0,0.16459285355604977
936.5,0.0,0.1646792824682848
937.0,0.0,0.16476570732285115
937.5,0.0,0.16485212811707306
938.0,0.0,0.1649385448482768
938.5,0.0,0.16502495751379065
939.0,0.0,0.16511136611094482
939.5,0.0,0.16519777063707153
940.0,0.0,0.16528417108950502
940.5,0.0,0.1653705674655815
941.0,0.0,0.16545695976263916
941.5,0.0,0.16554334797801823
942.0,0.0,0.1656297321090608
942.5,0.0,0.165716112153111
943.0,0.0,0.16580248810751505
943.5,0.0,0.16588885996962105
944.0,0.0,0.16597522773677903
944.5,0.0,0.16606159140634114
945.0,0.0,0.16614795097566135
945.5,0.0,0.16623430644209578
946.0,0.0,0.16632065780300234
946.5,0.0,0.16640700505574105
947.0,0.0,0.16649334819767386
947.5,0.0,0.16657968722616465
948.0,0.0,0.16666602213857934
948.5,0.0,0.1667523529322858
949.0,0.0,0.16683867960465382
949.5,0.0,0.16692500215305522
950.0,0.0,0.16701132057486376
950.5,0.0,0.16709763486745519
951.0,0.0,0.16718394502820716
951.5,0.0,0.16727025105449933
952.0,0.0,0.1673565529437133
952.5,0.0,0.16744285069323267
953.0,0.0,0.16752914430044297
953.5,0.0,0.1676154337627317
954.0,0.0,0.16770171907748824
954.5,0.0,0.16778800024210405
955.0,0.0,0.1678742772539725
955.5,0.0,0.16796055011048883
956.0,0.0,0.16804681880905034
956.5,0.0,0.16813308334705626
957.0,0.0,0.16821934372190772
957.5,0.0,0.16830559993100785
958.0,0.0,0.16839185197176168
958.5,0.0,0.16847809984157627
959.0,0.0,0.1685643435378605
959.5,0.0,0.16865058305802533
960.0,0.0,0.16873681839948354
960.5,0.0,0.16882304955964994
961.0,0.0,0.16890927653594123
961.5,0.0,0.1689954993257761
962.0,0.0,0.16908171792657511
962.5,0.0,0.1691679323357608
963.0,0.0,0.16925414255075766
963.5,0.0,0.16934034856899208
964.0,0.0,0.16942655038789237
964.5,0.0,0.16951274800488883
965.0,0.0,0.16959894141741366
965.5,0.0,0.169685130622901
966.0,0.0,0.1697713156187869
966.5,0.0,0.16985749640250936
967.0,0.0,0.16994367297150825
967.5,0.0,0.17002984532322546
968.0,0.0,0.17011601345510477
968.5,0.0,0.17020217736459178
969.0,0.0,0.17028833704913424
969.5,0.0,0.17037449250618159
970.0,0.0,0.17046064373318529
970.5,0.0,0.1705467907275987
971.0,0.0,0.17063293348687716
971.5,0.0,0.17071907200847786
972.0,0.0,0.1708052062898599
972.5,0.0,0.17089133632848433
973.0,0.0,0.1709774621218141
973.5,0.0,0.17106358366731408
974.0,0.0,0.17114970096245108
974.5,0.0,0.1712358140046937
975.0,0.0,0.17132192279151254
975.5,0.0,0.17140802732038019
976.0,0.0,0.17149412758877094
976.5,0.0,0.17158022359416122
977.0,0.0,0.17166631533402912
977.5,0.0,0.17175240280585488
978.0,0.0,0.17183848600712046
978.5,0.0,0.17192456493530978
979.0,0.0,0.17201063958790866
979.5,0.0,0.17209670996240484
980.0,0.0,0.1721827760562879
980.5,0.0,0.17226883786704944
981.0,0.0,0.17235489539218277
981.5,0.0,0.17244094862918327
982.0,0.0,0.1725269975755481
982.5,0.0,0.17261304222877633
983.0,0.0,0.17269908258636896
983.5,0.0,0.17278511864582885
984.0,0.0,0.17287115040466083
984.5,0.0,0.17295717786037146
985.0,0.0,0.1730432010104693
985.5,0.0,0.17312921985246477
986.0,0.0,0.17321523438387018
986.5,0.0,0.1733012446021997
987.0,0.0,0.17338725050496942
987.5,0.0,0.17347325208969727
988.0,0.0,0.17355924935390307
988.5,0.0,0.17364524229510855
989.0,0.0,0.17373123091083728
989.5,0.0,0.1738172151986147
990.0,0.0,0.17390319515596822
990.5,0.0,0.17398917078042697
991.0,0.0,0.17407514206952204
991.5,0.0,0.17416110902078646
992.0,0.0,0.17424707163175499
992.5,0.0,0.17433302989996433
993.0,0.0,0.17441898382295304
993.5,0.0,0.17450493339826156
994.0,0.0,0.1745908786234322
994.5,0.0,0.17467681949600916
995.0,0.0,0.1747627560135384
995.5,0.0,0.17484868817356783
996.0,0.0,0.17493461597364726
996.5,0.0,0.17502053941132822
997.0,0.0,0.17510645848416423
997.5,0.0,0.17519237318971062
998.0,0.0,0.1752782835255246
998.5,0.0,0.17536418948916518
999.0,0.0,0.17545009107819326
999.5,0.0,0.17553598829017167
1000.0,0.0,0.17562188112266494
